Title,Price,Reviews,Ratings,Requirements,Date
Halo: The Master Chief Collection,"3,349",Very Positive,"- 93% of the 1,746 user reviews in the last 30 days are positive.",Requires a 64-bit processor and operating system,2024-04-18
Halo: The Master Chief Collection,"3,349",Very Positive,"- 93% of the 1,746 user reviews in the last 30 days are positive.",Requires a 64-bit processor and operating system,2024-04-18
Halo: The Master Chief Collection,"3,349",Very Positive,"- 93% of the 1,746 user reviews in the last 30 days are positive.",Requires a 64-bit processor and operating system,2024-04-18
Halo: The Master Chief Collection,"3,349",Very Positive,"- 93% of the 1,746 user reviews in the last 30 days are positive.",Requires a 64-bit processor and operating system,2024-04-18
Halo: The Master Chief Collection,"3,349",Very Positive,"- 93% of the 1,746 user reviews in the last 30 days are positive.",Requires a 64-bit processor and operating system,2024-04-18
Halo: The Master Chief Collection,"3,349",Very Positive,"- 93% of the 1,746 user reviews in the last 30 days are positive.",Requires a 64-bit processor and operating system,2024-04-18
Halo: The Master Chief Collection,"3,349",Very Positive,"- 93% of the 1,746 user reviews in the last 30 days are positive.",Requires a 64-bit processor and operating system,2024-04-18
Halo: The Master Chief Collection,"3,349",Very Positive,"- 93% of the 1,746 user reviews in the last 30 days are positive.",Requires a 64-bit processor and operating system,2024-04-18
Halo: The Master Chief Collection,"3,349",Very Positive,"- 93% of the 1,746 user reviews in the last 30 days are positive.",Requires a 64-bit processor and operating system,2024-04-18
Halo: The Master Chief Collection,"3,349",Very Positive,"- 93% of the 1,746 user reviews in the last 30 days are positive.",Requires a 64-bit processor and operating system,2024-04-18
